{"valueResult":{"ValueOption":{"valueCont":-5.011817242187298e-10,"valueCpns":[0,0,0,0,0,0,0,0,0,0,0,-5.011817242187298e-10]}},"greeksResult":{"gMktGreeks":{"gCurves":[{"gCurveName":"EUR_CALMNY_DISC","gCurveIndex":"Nothing","gCurveValues":[[{"toModifiedJulianDay":56879},0],[{"toModifiedJulianDay":56910},0],[{"toModifiedJulianDay":56940},0],[{"toModifiedJulianDay":56971},0],[{"toModifiedJulianDay":57001},0],[{"toModifiedJulianDay":57032},0],[{"toModifiedJulianDay":57063},0],[{"toModifiedJulianDay":57091},0],[{"toModifiedJulianDay":57122},0],[{"toModifiedJulianDay":57152},0],[{"toModifiedJulianDay":57183},0],[{"toModifiedJulianDay":57213},-5.019220536048843e-10]]},{"gCurveName":"EUR_FUTSWAP_3M","gCurveIndex":{"Just":"EURIBOR3M"},"gCurveValues":[[{"toModifiedJulianDay":56879},8607474.453590276],[{"toModifiedJulianDay":56910},8606581.448414136],[{"toModifiedJulianDay":56940},8328140.223825354],[{"toModifiedJulianDay":56971},8604954.157238465],[{"toModifiedJulianDay":57001},8326638.996650819],[{"toModifiedJulianDay":57032},8603336.3422424],[{"toModifiedJulianDay":57063},8602538.39021653],[{"toModifiedJulianDay":57091},7769438.859072541],[{"toModifiedJulianDay":57122},8601106.61380711],[{"toModifiedJulianDay":57152},8322803.719183033],[{"toModifiedJulianDay":57183},8599305.284074336],[{"toModifiedJulianDay":57213},8321041.760355063]]}],"gCapFloorVols":[{"gCFIndex":"EURIBOR3M","gCFValues":[[{"toModifiedJulianDay":56846},3.0e-2,8607474.453590276],[{"toModifiedJulianDay":56877},3.0e-2,8606581.448414136],[{"toModifiedJulianDay":56908},3.0e-2,8328140.223825354],[{"toModifiedJulianDay":56938},3.0e-2,8604954.157238465],[{"toModifiedJulianDay":56969},3.0e-2,8326638.996650819],[{"toModifiedJulianDay":56999},3.0e-2,8603336.3422424],[{"toModifiedJulianDay":57030},3.0e-2,8602538.39021653],[{"toModifiedJulianDay":57061},3.0e-2,7769438.859072541],[{"toModifiedJulianDay":57089},3.0e-2,8601106.61380711],[{"toModifiedJulianDay":57120},3.0e-2,8322803.719183033],[{"toModifiedJulianDay":57150},3.0e-2,8599305.284074336],[{"toModifiedJulianDay":57181},3.0e-2,8321041.760355063]]}],"gSwaptionVols":[]},"gModParamsGreeks":{"gParams":[]}}}