{"valueResult":{"ValueSwap":{"valueCont":2553909.81091992,"valueLeg1":934863.8823501428,"valueLeg2":1619045.9285697774,"valueCpnsLeg1":[150414.75551859773,154334.92672723698,157236.9877918719,158415.128029009,158384.78204508664,156077.30223834055],"valueCpnsLeg2":[-51041.55338640786,-46045.59710102536,-37019.676077834316,-35504.85599917667,-29059.0790663915,-28649.58264948515,-28968.079862634535,-29150.078270148468,-29501.07519892534,-29699.740127273886,-30612.088459321993,-30211.42589647109,-29839.361883335903,-29278.095218847677,-29820.42885115011,-30459.75919133981,-30958.051074714964,-31370.741839540373,-32794.224815526504,-35621.84703009815,-36372.551662393045,-34030.64980883485,-38688.46233102184,-42533.73103397468,-41131.235466563674,-41085.3318811376,-44701.56358523362,-46932.76154548154,-46865.060644683304,-46796.56096310777,-49888.97110139066,-51784.92282312902,-52261.153459448324,-51603.754186997,-54181.0791696427,-56438.92319413198,-56328.970042928406,-54999.37011524924,-57492.38680135867,-59323.146753419634]}},"greeksResult":{"gMktGreeks":{"gCurves":[{"gCurveName":"EUR_CALMNY_DISC","gCurveValues":[[{"toModifiedJulianDay":57522},56204.86537148217],[{"toModifiedJulianDay":57890},133408.25876340034],[{"toModifiedJulianDay":58254},113285.21112465853],[{"toModifiedJulianDay":58618},93578.59973343374],[{"toModifiedJulianDay":58984},74655.8610812944],[{"toModifiedJulianDay":59349},120913.86495735473],[{"toModifiedJulianDay":59716},88025.94624839071],[{"toModifiedJulianDay":56790},-344642.3333333334],[{"toModifiedJulianDay":56822},-15310.749999999998],[{"toModifiedJulianDay":56853},-15310.749999999998],[{"toModifiedJulianDay":56916},-15115.035147824052],[{"toModifiedJulianDay":56944},-15115.035147824052],[{"toModifiedJulianDay":57007},-14933.06584277933],[{"toModifiedJulianDay":57036},-14933.06584277933],[{"toModifiedJulianDay":57095},-14655.989506613141],[{"toModifiedJulianDay":57126},-14655.989506613141],[{"toModifiedJulianDay":57156},-14932.135638756154],[{"toModifiedJulianDay":57248},-30189.694274914866],[{"toModifiedJulianDay":57340},-30771.319226263535],[{"toModifiedJulianDay":57434},-31242.600218467902]]},{"gCurveName":"EUR_FUTSWAP_6M","gCurveValues":[[{"toModifiedJulianDay":57282},-3569.3416148613223],[{"toModifiedJulianDay":57373},-3569.3416148613223],[{"toModifiedJulianDay":57555},-7347.649395136001],[{"toModifiedJulianDay":57889},-18556.69455682969],[{"toModifiedJulianDay":58253},-26476.42050033922],[{"toModifiedJulianDay":58617},-34777.95838202374],[{"toModifiedJulianDay":58983},-43214.18840337971],[{"toModifiedJulianDay":59348},-47397.21698155612],[{"toModifiedJulianDay":59713},-47439.907266009126],[{"toModifiedJulianDay":60080},-47396.137202427715],[{"toModifiedJulianDay":60444},-71014.07739254418],[{"toModifiedJulianDay":61174},-118518.49218193961],[{"toModifiedJulianDay":62271},-189683.86724212184],[{"toModifiedJulianDay":64098},-236940.9052688534],[{"toModifiedJulianDay":65922},-236951.64899021143],[{"toModifiedJulianDay":67749},1.659146567932059e7],[{"toModifiedJulianDay":71401},1.6710006033936696e7]]},{"gCurveName":"EUR_FUTSWAP_3M","gCurveValues":[[{"toModifiedJulianDay":56790},-6001699.934390575],[{"toModifiedJulianDay":56822},510.073670768179],[{"toModifiedJulianDay":56918},1532.5030336244963],[{"toModifiedJulianDay":57009},1797.0902211465873],[{"toModifiedJulianDay":57100},1579.2805434809998],[{"toModifiedJulianDay":57191},1662.8638590229675],[{"toModifiedJulianDay":57282},1882.2121920743957],[{"toModifiedJulianDay":57373},2249.319920777809],[{"toModifiedJulianDay":57464},3116.1857972866856],[{"toModifiedJulianDay":57555},13515.576522652525],[{"toModifiedJulianDay":57889},35999.08959504031],[{"toModifiedJulianDay":58253},61396.55034515774],[{"toModifiedJulianDay":58617},86429.90722196782],[{"toModifiedJulianDay":58983},109863.77973421244],[{"toModifiedJulianDay":59348},3139369.295210403],[{"toModifiedJulianDay":59713},3078913.2193201394]]}],"gCapFloorVols":[],"gSwaptionVols":[]},"gModParamsGreeks":{"gParams":[]}}}