{"valueResult":{"ValueSwap":{"valueCont":2553909.81091992,"valueLeg1":934863.8823501428,"valueLeg2":1619045.9285697774,"valueCpnsLeg1":[150414.75551859773,154334.92672723698,157236.9877918719,158415.128029009,158384.78204508664,156077.30223834055],"valueCpnsLeg2":[-51041.55338640786,-46045.59710102536,-37019.676077834316,-35504.85599917667,-29059.0790663915,-28649.58264948515,-28968.079862634535,-29150.078270148468,-29501.07519892534,-29699.740127273886,-30612.088459321993,-30211.42589647109,-29839.361883335903,-29278.095218847677,-29820.42885115011,-30459.75919133981,-30958.051074714964,-31370.741839540373,-32794.224815526504,-35621.84703009815,-36372.551662393045,-34030.64980883485,-38688.46233102184,-42533.73103397468,-41131.235466563674,-41085.3318811376,-44701.56358523362,-46932.76154548154,-46865.060644683304,-46796.56096310777,-49888.97110139066,-51784.92282312902,-52261.153459448324,-51603.754186997,-54181.0791696427,-56438.92319413198,-56328.970042928406,-54999.37011524924,-57492.38680135867,-59323.146753419634]}},"greeksResult":{"gMktGreeks":{"gCurves":[{"gCurveName":"EUR_CALMNY_DISC","gCurveValues":[[{"toModifiedJulianDay":57522},-9942.620410378702],[{"toModifiedJulianDay":57890},1096.0021125421918],[{"toModifiedJulianDay":58254},-19169.68696616107],[{"toModifiedJulianDay":58618},-39111.4436852021],[{"toModifiedJulianDay":58984},-58447.59157544543],[{"toModifiedJulianDay":59349},-12489.486192288023],[{"toModifiedJulianDay":59716},21326.131558674293],[{"toModifiedJulianDay":56790},-344642.3333333334],[{"toModifiedJulianDay":56822},-15310.749999999998],[{"toModifiedJulianDay":56853},-15310.749999999998],[{"toModifiedJulianDay":56916},-15115.035147824052],[{"toModifiedJulianDay":56944},-15115.035147824052],[{"toModifiedJulianDay":57007},-14933.06584277933],[{"toModifiedJulianDay":57036},-14933.06584277933],[{"toModifiedJulianDay":57095},-14655.989506613141],[{"toModifiedJulianDay":57126},-14655.989506613141],[{"toModifiedJulianDay":57156},-14932.135638756154],[{"toModifiedJulianDay":57248},-30189.694274914866],[{"toModifiedJulianDay":57340},-30771.319226263535],[{"toModifiedJulianDay":57434},-31242.600218467902]]},{"gCurveName":"EUR_FUTSWAP_6M","gCurveValues":[[{"toModifiedJulianDay":57555},3035654.02637361],[{"toModifiedJulianDay":57889},6044993.722586751],[{"toModifiedJulianDay":58253},5988427.001112839],[{"toModifiedJulianDay":58617},5916209.407014836],[{"toModifiedJulianDay":58983},5829494.404617881],[{"toModifiedJulianDay":59348},5715922.566254485],[{"toModifiedJulianDay":59713},2823550.26375174]]},{"gCurveName":"EUR_FUTSWAP_3M","gCurveValues":[[{"toModifiedJulianDay":56790},-1.5216533521998351e7],[{"toModifiedJulianDay":56822},-758100.2590223376],[{"toModifiedJulianDay":56918},-1524294.0839380836],[{"toModifiedJulianDay":57009},-1532173.3080109505],[{"toModifiedJulianDay":57100},-1515112.504929981],[{"toModifiedJulianDay":57191},-1506353.0792734558],[{"toModifiedJulianDay":57282},-1522495.8988616667],[{"toModifiedJulianDay":57373},-1530225.9541341108],[{"toModifiedJulianDay":57464},-1521187.6925456733],[{"toModifiedJulianDay":57555},-3781996.7538313586],[{"toModifiedJulianDay":57889},-6048475.141467529],[{"toModifiedJulianDay":58253},-5988965.725380549],[{"toModifiedJulianDay":58617},-5897210.693972917],[{"toModifiedJulianDay":58983},-5808238.874266577],[{"toModifiedJulianDay":59348},-4297008.695676902],[{"toModifiedJulianDay":59713},-1419730.7574734124]]}],"gCapFloorVols":[],"gSwaptionVols":[]},"gModParamsGreeks":{"gParams":[]}}}