{"valueResult":{"ValueSwap":{"valueCont":846670.7378050921,"valueLeg1":846670.7378050921,"valueLeg2":0,"valueCpnsLeg1":[153262.0329335774,53740.92999963299,158986.38744710103,160639.26380280347,161010.22619015022,159031.897431827],"valueCpnsLeg2":[0,0,0,0,0,0,0,0,0,0,0]}},"greeksResult":{"gMktGreeks":{"gCurves":[{"gCurveName":"EUR_CALMNY_DISC","gCurveValues":[[{"toModifiedJulianDay":57651},143978.08823691812],[{"toModifiedJulianDay":58016},287930.2374350953],[{"toModifiedJulianDay":58380},290276.6538881324],[{"toModifiedJulianDay":58745},294459.72820829344],[{"toModifiedJulianDay":59111},297974.5713052348],[{"toModifiedJulianDay":59478},300167.98227818374],[{"toModifiedJulianDay":59843},150328.6344912871],[{"toModifiedJulianDay":56925},0],[{"toModifiedJulianDay":56948},0],[{"toModifiedJulianDay":57283},0],[{"toModifiedJulianDay":57374},0]]},{"gCurveName":"EUR_FUTSWAP_6M","gCurveValues":[[{"toModifiedJulianDay":57282},-3695.248939754373],[{"toModifiedJulianDay":57373},-3695.248939754373],[{"toModifiedJulianDay":57653},-5016.572575989729],[{"toModifiedJulianDay":58015},-13955.412780577464],[{"toModifiedJulianDay":58379},-21992.85866157656],[{"toModifiedJulianDay":58744},-30410.235147684776],[{"toModifiedJulianDay":59110},-38996.397069671766],[{"toModifiedJulianDay":59475},-43270.33481659064],[{"toModifiedJulianDay":59842},-43300.67733078363],[{"toModifiedJulianDay":60206},-43262.74906515542],[{"toModifiedJulianDay":60571},-64829.15377888234],[{"toModifiedJulianDay":61301},-108188.64360441909],[{"toModifiedJulianDay":62397},-173151.63406290807],[{"toModifiedJulianDay":64224},-216299.40666085758],[{"toModifiedJulianDay":66051},-216310.2649486216],[{"toModifiedJulianDay":67878},1.657340142629248e7],[{"toModifiedJulianDay":71528},1.668161220264563e7]]}],"gCapFloorVols":[],"gSwaptionVols":[]},"gModParamsGreeks":{"gParams":[]}}}